Index,Organization Id,Name,Website,Country,Description,Founded,Industry,Number of employees
48,49aECbDaE6aBD53,"Wallace, Madden and Morris",http://www.blevins-fernandez.biz/,Germany,Persistent real-time customer loyalty,2016,Pharmaceuticals,9443
14,D2c91cc03CA394c,Glover-Pope,http://www.silva.biz/,United Arab Emirates,Persevering contextually-based approach,2013,Medical Practice,9079
12,eb3B7D06cCdD609,Crane-Clarke,https://www.sandoval.com/,Denmark,Front-line clear-thinking encryption,2014,Food / Beverages,9011
23,22aC3FFd64fD703,"Eaton, Reynolds and Vargas",http://www.freeman.biz/,Monaco,Self-enabling multi-tasking process improvement,2014,Luxury Goods / Jewelry,8987
59,aeBe26B80a7a23c,Melton-Nichols,https://kennedy.com/,Palau,User-friendly clear-thinking productivity,2021,Legislative Office,8741
7,219233e8aFF1BC3,Hansen-Everett,https://www.kidd.org/,Pakistan,Seamless disintermediate collaboration,2018,Publishing Industry,7832
65,cBfe4dbAE1699da,"Erickson, Andrews and Bailey",https://www.hobbs-grant.com/,Eritrea,Vision-oriented secondary project,2014,Consumer Electronics,7829
29,f9F7bBCAEeC360F,Ayala LLC,http://www.zhang.com/,Philippines,Open-source zero administration hierarchy,2021,Legal Services,7664
44,77aDc905434a49f,Prince PLC,https://www.watts.com/,Sweden,Profit-focused coherent installation,2016,Individual / Family Services,7645
77,DDB19Be7eeB56B4,Cummings-Rojas,https://simon-pearson.com/,Svalbard & Jan Mayen Islands,User-centric modular customer loyalty,2012,Financial Services,7529
57,2a74D6f3D3B268e,"Cherry, Le and Callahan",https://waller-delacruz.biz/,Nigeria,Universal human-resource collaboration,2017,Entertainment / Movie Production,7202
20,c1Ce9B350BAc66b,Weiss and Sons,https://barrett.com/,Korea,Sharable optimal functionalities,2011,Plastics,5984
